nome_municipio,codigo_ibge
CANDEIAS DO JAMARI,1100809
PORTO VELHO,1100205
RIO PRETO DA EVA,1303569
MANAUS,1302603
MANACAPURU,1302504
NOVO AIRÃO,1303205
IRANDUBA,1301852
CAREIRO DA VÁRZEA,1301159
AUTAZES,1300300
ITACOATIARA,1301902
MANAQUIRI,1302553
PRESIDENTE FIGUEIREDO,1303536
SILVES,1304005
CAREIRO,1301100
ITAPIRANGA,1302009
ALTO ALEGRE,1400050
BONFIM,1400159
MUCAJAÍ,1400308
CANTÁ,1400175
BOA VISTA,1400100
CARACARAÍ,1400209
IRACEMA,1400282
RORAINÓPOLIS,1400472
SÃO LUIZ,1400605
CAROEBE,1400233
SÃO JOÃO DA BALIZA,1400506
CASTANHAL,1502400
BARCARENA,1501303
ANANINDEUA,1500800
BENEVIDES,1501501
BELÉM,1501402
MARITUBA,1504422
SANTA IZABEL DO PARÁ,1506500
SANTA BÁRBARA DO PARÁ,1506351
SANTARÉM,1506807
BELTERRA,1501451
MOJUÍ DOS CAMPOS,1504752
SANTANA,1600600
MAZAGÃO,1600402
MACAPÁ,1600303
FÁTIMA,1707553
TOCANTÍNIA,1721109
BREJINHO DE NAZARÉ,1703701
BARROLÂNDIA,1703107
APARECIDA DO RIO NEGRO,1701101
PALMAS,1721000
SILVANÓPOLIS,1720655
OLIVEIRA DE FÁTIMA,1715507
IPUEIRAS,1709807
MIRANORTE,1713304
PUGMIL,1718451
PORTO NACIONAL,1718204
PARAÍSO DO TOCANTINS,1716109
MIRACEMA DO TOCANTINS,1713205
LAJEADO,1712009
MONTE DO CARMO,1713601
SUCUPIRA,1720853
LAGOA DA CONFUSÃO,1711902
JAÚ DO TOCANTINS,1711506
PEIXE,1716604
PALMEIRÓPOLIS,1715754
SANDOLÂNDIA,1718840
SÃO SALVADOR DO TOCANTINS,1720259
SÃO VALÉRIO,1720499
TALISMÃ,1720978
ALIANÇA DO TOCANTINS,1700350
ALVORADA,1700707
ARAGUAÇU,1702000
CARIRI DO TOCANTINS,1703867
DUERÉ,1707306
FIGUEIRÓPOLIS,1707652
FORMOSO DO ARAGUAIA,1708205
GURUPI,1709500
CRIXÁS DO TOCANTINS,1706258
PAÇO DO LUMIAR,2107506
PRESIDENTE JUSCELINO,2109205
ROSÁRIO,2109601
SANTA RITA,2110203
SÃO JOSÉ DE RIBAMAR,2111201
ALCÂNTARA,2100204
ICATU,2105104
BACABEIRA,2101251
MORROS,2107100
RAPOSA,2109452
SÃO LUÍS,2111300
CACHOEIRA GRANDE,2102374
AXIXÁ,2101103
LAJEADO NOVO,2105989
JOÃO LISBOA,2105500
PORTO FRANCO,2109007
SÃO JOÃO DO PARAÍSO,2111052
SENADOR LA ROCQUE,2111763
VILA NOVA DOS MARTÍRIOS,2112852
RIBAMAR FIQUENE,2109551
SÃO FRANCISCO DO BREJÃO,2110856
SÃO PEDRO DA ÁGUA BRANCA,2111532
SÍTIO NOVO,2111805
AÇAILÂNDIA,2100055
AMARANTE DO MARANHÃO,2100600
BURITIRANA,2102358
CAMPESTRE DO MARANHÃO,2102556
CAROLINA,2102804
CIDELÂNDIA,2103257
DAVINÓPOLIS,2103752
ESTREITO,2104057
GOVERNADOR EDISON LOBÃO,2104552
IMPERATRIZ,2105302
ITINGA DO MARANHÃO,2105427
MONTES ALTOS,2107001
JOSÉ DE FREITAS,2205508
LAGOA ALEGRE,2205557
LAGOA DO PIAUÍ,2205581
MIGUEL LEÃO,2206308
COIVARAS,2202737
CURRALINHOS,2203255
TERESINA,2211001
MONSENHOR GIL,2206407
NAZÁRIA,2206720
TIMON,2112209
ALTOS,2200400
BENEDITINOS,2201606
UNIÃO,2211100
DEMERVAL LOBÃO,2203305
CAUCAIA,2303709
TRAIRI,2313500
GUAIÚBA,2304954
HORIZONTE,2305233
ITAITINGA,2306256
AQUIRAZ,2301000
CASCAVEL,2303501
EUSÉBIO,2304285
FORTALEZA,2304400
MARACANAÚ,2307650
MARANGUAPE,2307700
PACAJUS,2309607
PACATUBA,2309706
PARACURU,2310209
PARAIPABA,2310258
PINDORETAMA,2310852
SÃO GONÇALO DO AMARANTE,2312403
SÃO LUÍS DO CURU,2312601
CHOROZINHO,2303956
BARBALHA,2301901
CARIRIAÇU,2303204
JUAZEIRO DO NORTE,2307304
CRATO,2304202
SANTANA DO CARIRI,2312106
JARDIM,2307106
MISSÃO VELHA,2308401
NOVA OLINDA,2309201
FARIAS BRITO,2304301
ALCÂNTARAS,2300507
FORQUILHA,2304350
VARJOTA,2313955
CARIRÉ,2303105
COREAÚ,2304004
FRECHEIRINHA,2304509
GRAÇA,2304657
GROAÍRAS,2304905
MASSAPÊ,2308005
MERUOCA,2308203
MORAÚJO,2308807
MUCAMBO,2309003
PACUJÁ,2309904
PIRES FERREIRA,2310951
RERIUTABA,2311702
SANTANA DO ACARAÚ,2312007
SENADOR SÁ,2312809
SOBRAL,2312908
ARÊS,2401206
SÃO JOSÉ DE MIPIBU,2412203
IELMO MARINHO,2404606
MACAÍBA,2407104
NÍSIA FLORESTA,2408201
SÃO GONÇALO DO AMARANTE,2412005
BOM JESUS,2401701
NATAL,2408102
MONTE ALEGRE,2407807
MAXARANGUAPE,2407500
GOIANINHA,2404200
EXTREMOZ,2403608
PARNAMIRIM,2403251
CEARÁ-MIRIM,2402600
VERA CRUZ,2414803
RIO TINTO,2512903
LUCENA,2508604
ALHANDRA,2500601
BAYEUX,2501807
SANTA RITA,2513703
PITIMBU,2511905
PEDRAS DE FOGO,2511202
JOÃO PESSOA,2507507
CRUZ DO ESPÍRITO SANTO,2504900
CONDE,2504603
CABEDELO,2503209
CAAPORÃ,2503001
GADO BRAVO,2506251
SERRA REDONDA,2515807
LAGOA SECA,2508307
ALCANTIL,2500536
MASSARANDUBA,2509206
AROEIRAS,2501302
BARRA DE SANTANA,2501575
PUXINANÃ,2512408
FAGUNDES,2506103
MATINHAS,2509339
NATUBA,2509909
CATURITÉ,2504355
CAMPINA GRANDE,2504009
SANTA CECÍLIA,2513158
QUEIMADAS,2512507
BOQUEIRÃO,2502508
BOA VISTA,2502151
UMBUZEIRO,2517001
ITATUBA,2507200
SERRA DA RAIZ,2515609
PILÕEZINHOS,2511707
ALAGOINHA,2500502
ARARA,2500908
BELÉM,2501906
LOGRADOURO,2508554
PILÕES,2511608
PIRPIRITUBA,2511806
SERTÃOZINHO,2515930
SOLÂNEA,2516003
ARAÇAGI,2500809
BANANEIRAS,2501500
BORBOREMA,2502706
CAIÇARA,2503605
CUITEGI,2505204
DUAS ESTRADAS,2505808
GUARABIRA,2506301
LAGOA DE DENTRO,2508208
MULUNGU,2509800
SERRARIA,2515906
SÃO JOSÉ DO BONFIM,2514602
SALGADINHO,2513000
VÁRZEA,2517100
MÃE D'ÁGUA,2508703
MATURÉIA,2509396
PASSAGEM,2510709
QUIXABA,2512606
SANTA LUZIA,2513406
SANTA TERESINHA,2513802
SÃO JOSÉ DE ESPINHARAS,2514404
SÃO JOSÉ DO SABUGI,2514701
TEIXEIRA,2516706
AREIA DE BARAÚNAS,2501153
CACIMBA DE AREIA,2503407
CACIMBAS,2503555
CONDADO,2504504
DESTERRO,2505402
VISTA SERRANA,2505501
EMAS,2505907
JUNCO DO SERIDÓ,2507804
MALTA,2508802
PATOS,2510808
SÃO MAMEDE,2514909
SÃO SEBASTIÃO DE LAGOA DE ROÇA,2515104
ALGODÃO DE JANDAÍRA,2500577
AREIA,2501104
AREIAL,2501203
REMÍGIO,2512705
POCINHOS,2512002
ALAGOA NOVA,2500403
ESPERANÇA,2506004
MONTADAS,2509503
SÃO JOSÉ DE PIRANHAS,2514503
POÇO DANTAS,2512036
SÃO JOÃO DO RIO DO PEIXE,2500700
POÇO DE JOSÉ DE MOURA,2512077
SANTA HELENA,2513307
JOCA CLAUDINO,2513653
TRIUNFO,2516805
BERNARDINO BATISTA,2502052
BOM JESUS,2502201
BONITO DE SANTA FÉ,2502409
CACHOEIRA DOS ÍNDIOS,2503308
CAJAZEIRAS,2503704
CARRAPATEIRA,2504108
MONTE HOREBE,2509602
UIRAÚNA,2516904
SANTANA DOS GARROTES,2513604
SÃO JOSÉ DE CAIANA,2514305
SERRA GRANDE,2515708
AGUIAR,2500205
BOA VENTURA,2502102
IGARACY,2502607
CATINGUEIRA,2504207
CONCEIÇÃO,2504405
COREMAS,2504801
CURRAL VELHO,2505303
DIAMANTE,2505600
IBIARA,2506608
ITAPORANGA,2507002
NOVA OLINDA,2510204
PIANCÓ,2511301
SANTA INÊS,2513356
SANTANA DE MANGUEIRA,2513505
BARAÚNA,2501534
CUITÉ,2505105
PICUÍ,2511400
NOVA FLORESTA,2510105
SOSSÊGO,2516151
FREI MARTINHO,2506202
NOVA PALMEIRA,2510303
BARRA DE SANTA ROSA,2501609
ITAPOROROCA,2507101
PEDRO RÉGIS,2512721
MATARACA,2509305
MARCAÇÃO,2509057
MAMANGUAPE,2508901
CURRAL DE CIMA,2505279
JACARAÚ,2507309
BAÍA DA TRAIÇÃO,2501401
CUITÉ DE MAMANGUAPE,2505238
SANTA CRUZ,2513208
SÃO JOSÉ DA LAGOA TAPADA,2514206
VIEIRÓPOLIS,2517209
MARIZÓPOLIS,2509156
APARECIDA,2500775
NAZAREZINHO,2510006
SÃO FRANCISCO,2513984
LASTRO,2508406
SOUSA,2516201
SÃO JOSÉ DOS RAMOS,2514453
PILAR,2511509
SALGADO DE SÃO FÉLIX,2513109
GURINHÉM,2506400
INGÁ,2506806
CALDAS BRANDÃO,2503803
RIACHÃO DO BACAMARTE,2512754
MOGEIRO,2509404
JUAREZ TÁVORA,2507606
JURIPIRANGA,2507903
SÃO MIGUEL DE TAIPU,2515005
ITABAIANA,2506905
RIACHÃO,2512747
DONA INÊS,2505709
DAMIÃO,2505352
ARARUNA,2501005
TACIMA,2516409
CACIMBA DE DENTRO,2503506
ABREU E LIMA,2600054
OLINDA,2609600
MORENO,2609402
JABOATÃO DOS GUARARAPES,2607901
ITAPISSUMA,2607752
ILHA DE ITAMARACÁ,2607604
IGARASSU,2606804
CAMARAGIBE,2603454
CABO DE SANTO AGOSTINHO,2602902
SÃO LOURENÇO DA MATA,2613701
RECIFE,2611606
PAULISTA,2610707
IPOJUCA,2607208
ARAÇOIABA,2601052
PETROLINA,2611101
JUAZEIRO,2918407
SOBRADINHO,2930774
CASA NOVA,2907202
CURAÇÁ,2909901
OROCÓ,2609808
SANTA MARIA DA BOA VISTA,2612604
LAGOA GRANDE,2608750
BARRA DE SÃO MIGUEL,2700607
SATUBA,2708907
COQUEIRO SECO,2702207
RIO LARGO,2707701
PARIPUEIRA,2706448
MURICI,2705507
MESSIAS,2705200
MARECHAL DEODORO,2704708
MACEIÓ,2704302
ATALAIA,2700409
BARRA DE SANTO ANTÔNIO,2700508
PILAR,2706901
SANTA LUZIA DO NORTE,2707909
IGACI,2703106
JARAMATAIA,2703700
JUNQUEIRO,2704005
LAGOA DA CANOA,2704104
LIMOEIRO DE ANADIA,2704203
OLHO D'ÁGUA GRANDE,2705903
PALMEIRA DOS ÍNDIOS,2706307
GIRAU DO PONCIANO,2702900
FEIRA GRANDE,2702603
ESTRELA DE ALAGOAS,2702553
CAMPO GRANDE,2701506
BELÉM,2700805
CRAÍBAS,2702355
ARAPIRACA,2700300
TRAIPU,2709202
TAQUARANA,2709103
TANQUE D'ARCA,2709004
SÃO SEBASTIÃO,2708808
SÃO BRÁS,2708204
COITÉ DO NÓIA,2702009
BARRA DOS COQUEIROS,2800605
ARACAJU,2800308
SÃO CRISTÓVÃO,2806701
NOSSA SENHORA DO SOCORRO,2804805
SÃO SEBASTIÃO DO PASSÉ,2929503
SÃO FRANCISCO DO CONDE,2929206
CAMAÇARI,2905701
ITAPARICA,2916104
VERA CRUZ,2933208
SIMÕES FILHO,2930709
SALVADOR,2927408
POJUCA,2925204
CANDEIAS,2906501
MATA DE SÃO JOÃO,2921005
MADRE DE DEUS,2919926
LAURO DE FREITAS,2919207
DIAS D'ÁVILA,2910057
CONCEIÇÃO DO JACUÍPE,2908507
CONCEIÇÃO DA FEIRA,2908200
SÃO GONÇALO DOS CAMPOS,2929305
TANQUINHO,2931103
AMÉLIA RODRIGUES,2901106
FEIRA DE SANTANA,2910800
RIACHÃO DO JACUÍPE,2926301
IRARÁ,2914505
CANDEAL,2906402
SERRA PRETA,2930402
ANTÔNIO CARDOSO,2901700
SANTA BÁRBARA,2927507
IPECAETÁ,2913804
CORAÇÃO DE MARIA,2908903
SANTANÓPOLIS,2928307
ANGUERA,2901502
SARZEDO,3165537
FLORESTAL,3126000
SABARÁ,3156700
ITATIAIUÇU,3133709
JABOTICATUBAS,3134608
NOVA UNIÃO,3136603
MÁRIO CAMPOS,3140159
NOVA LIMA,3144805
BETIM,3106705
CAETÉ,3110004
PEDRO LEOPOLDO,3149309
BALDIM,3105004
BELO HORIZONTE,3106200
BRUMADINHO,3109006
CAPIM BRANCO,3112505
CONFINS,3117876
CONTAGEM,3118601
SÃO JOAQUIM DE BICAS,3162922
SÃO JOSÉ DA LAPA,3162955
TAQUARAÇU DE MINAS,3168309
VESPASIANO,3171204
ESMERALDAS,3124104
RAPOSOS,3153905
RIBEIRÃO DAS NEVES,3154606
RIO ACIMA,3154804
RIO MANSO,3155306
SANTA LUZIA,3157807
IBIRITÉ,3129806
IGARAPÉ,3130101
ITAGUARA,3132206
JUATUBA,3136652
LAGOA SANTA,3137601
MATEUS LEME,3140704
MATOZINHOS,3141108
FORTUNA DE MINAS,3126406
ITABIRITO,3131901
PARÁ DE MINAS,3147105
BELO VALE,3106408
BONFIM,3108107
MOEDA,3142304
BARÃO DE COCAIS,3105400
BOM JESUS DO AMPARO,3107703
SÃO GONÇALO DO RIO ABAIXO,3161908
SÃO JOSÉ DA VARGINHA,3163102
PRUDENTE DE MORAIS,3153608
SETE LAGOAS,3167202
SANTA BÁRBARA,3157203
FUNILÂNDIA,3127206
INHAÚMA,3131000
ITAÚNA,3133808
IPATINGA,3131307
TIMÓTEO,3168705
CORONEL FABRICIANO,3119401
SANTANA DO PARAÍSO,3158953
ANTÔNIO DIAS,3103009
MESQUITA,3141702
PERIQUITO,3149952
PINGO-D'ÁGUA,3150539
BELO ORIENTE,3106309
BOM JESUS DO GALHO,3107802
BRAÚNAS,3108800
BUGRE,3109253
CÓRREGO NOVO,3120003
SÃO JOÃO DO ORIENTE,3162609
SÃO JOSÉ DO GOIABAL,3163409
AÇUCENA,3100500
SOBRÁLIA,3167707
VARGEM ALEGRE,3170578
DIONÍSIO,3121803
DOM CAVATI,3122504
ENTRE FOLHAS,3123858
IAPU,3129301
IPABA,3131158
CARATINGA,3113404
NAQUE,3144359
JAGUARAÇU,3135001
JOANÉSIA,3136108
MARLIÉRIA,3140308
VIANA,3205101
CARIACICA,3201308
FUNDÃO,3202207
VITÓRIA,3205309
SERRA,3205002
VILA VELHA,3205200
GUARAPARI,3202405
DUQUE DE CAXIAS,3301702
JAPERI,3302270
ITAGUAÍ,3302007
TANGUÁ,3305752
MAGÉ,3302502
MARICÁ,3302700
MESQUITA,3302858
NILÓPOLIS,3303203
NITERÓI,3303302
NOVA IGUAÇU,3303500
PARACAMBI,3303609
PETRÓPOLIS,3303906
QUEIMADOS,3304144
RIO BONITO,3304300
RIO DE JANEIRO,3304557
SÃO GONÇALO,3304904
SÃO JOÃO DE MERITI,3305109
SEROPÉDICA,3305554
BELFORD ROXO,3300456
CACHOEIRAS DE MACACU,3300803
ITABORAÍ,3301900
GUAPIMIRIM,3301850
POÁ,3539806
SALESÓPOLIS,3545001
SANTA ISABEL,3546801
BIRITIBA MIRIM,3506607
ARUJÁ,3503901
SÃO PAULO,3550308
SUZANO,3552502
FERRAZ DE VASCONCELOS,3515707
ITAQUAQUECETUBA,3523107
GUARULHOS,3518800
GUARAREMA,3518305
MOGI DAS CRUZES,3530607
FRANCISCO MORATO,3516309
MAIRIPORÃ,3528502
CAIEIRAS,3509007
CAJAMAR,3509205
FRANCO DA ROCHA,3516408
SANTANA DE PARNAÍBA,3547304
ITAPEVI,3522505
CARAPICUÍBA,3510609
BARUERI,3505708
OSASCO,3534401
JANDIRA,3525003
PIRAPORA DO BOM JESUS,3539103
RIO GRANDE DA SERRA,3544103
MAUÁ,3529401
DIADEMA,3513801
RIBEIRÃO PIRES,3543303
SÃO CAETANO DO SUL,3548807
SANTO ANDRÉ,3547809
SÃO BERNARDO DO CAMPO,3548708
COTIA,3513009
JUQUITIBA,3526209
EMBU-GUAÇU,3515103
TABOÃO DA SERRA,3552809
EMBU DAS ARTES,3515004
VARGEM GRANDE PAULISTA,3556453
ITAPECERICA DA SERRA,3522208
SÃO LOURENÇO DA SERRA,3549953
GUARUJÁ,3518701
ITANHAÉM,3522109
SANTOS,3548500
CUBATÃO,3513504
PRAIA GRANDE,3541000
SÃO VICENTE,3551009
BERTIOGA,3506359
PERUÍBE,3537602
MONGAGUÁ,3531100
VALINHOS,3556206
SANTO ANTÔNIO DE POSSE,3548005
ENGENHEIRO COELHO,3515152
HOLAMBRA,3519055
HORTOLÂNDIA,3519071
INDAIATUBA,3520509
JAGUARIÚNA,3524709
ITATIBA,3523404
MONTE MOR,3531803
AMERICANA,3501608
ARTUR NOGUEIRA,3503802
SUMARÉ,3552403
CAMPINAS,3509502
COSMÓPOLIS,3512803
MORUNGABA,3532009
NOVA ODESSA,3533403
PAULÍNIA,3536505
PEDREIRA,3537107
SANTA BÁRBARA D'OESTE,3545803
VINHEDO,3556701
JAMBEIRO,3524907
CAÇAPAVA,3508504
SÃO JOSÉ DOS CAMPOS,3549904
PARAIBUNA,3535606
SANTA BRANCA,3546009
JACAREÍ,3524402
IGARATÁ,3520202
MONTEIRO LOBATO,3531704
TREMEMBÉ,3554805
SÃO BENTO DO SAPUCAÍ,3548609
REDENÇÃO DA SERRA,3542305
PINDAMONHANGABA,3538006
NATIVIDADE DA SERRA,3532306
CAMPOS DO JORDÃO,3509700
TAUBATÉ,3554102
SÃO LUIZ DO PARAITINGA,3550001
SANTO ANTÔNIO DO PINHAL,3548203
LAGOINHA,3526308
POTIM,3540754
LORENA,3527207
CANAS,3509957
GUARATINGUETÁ,3518404
APARECIDA,3502507
CACHOEIRA PAULISTA,3508603
PIQUETE,3538501
ROSEIRA,3544301
CUNHA,3513603
AREIAS,3503505
CRUZEIRO,3513405
LAVRINHAS,3526605
QUELUZ,3541901
SILVEIRAS,3552007
ARAPEÍ,3503158
BANANAL,3504909
SÃO JOSÉ DO BARREIRO,3549607
ILHABELA,3520400
UBATUBA,3555406
SÃO SEBASTIÃO,3550704
CARAGUATATUBA,3510500
TIETÊ,3554508
CAPELA DO ALTO,3510302
SARAPUÍ,3551108
TATUÍ,3554003
CESÁRIO LANGE,3511607
BOITUVA,3507001
ITAPETININGA,3522307
ALAMBARI,3500758
JUMIRIM,3525854
CERQUILHO,3511508
SÃO ROQUE,3550605
MAIRINQUE,3528403
ITU,3523909
IBIÚNA,3519709
ALUMÍNIO,3501152
SALTO,3545209
PORTO FELIZ,3540606
ARAÇARIGUAMA,3502754
VOTORANTIM,3557006
SALTO DE PIRAPORA,3545308
ARAÇOIABA DA SERRA,3502903
TAPIRAÍ,3553500
SOROCABA,3552205
PIEDADE,3537800
PILAR DO SUL,3537909
SÃO MIGUEL ARCANJO,3550209
IPERÓ,3521002
DUMONT,3514601
SANTA RITA DO PASSA QUATRO,3547502
GUATAPARÁ,3518859
RIBEIRÃO PRETO,3543402
PRADÓPOLIS,3540903
PONTAL,3540200
BRODOWSKI,3507803
BARRINHA,3505609
SERRANA,3551504
SERRA AZUL,3551405
SÃO SIMÃO,3550902
SERTÃOZINHO,3551702
LUÍS ANTÔNIO,3527603
JARDINÓPOLIS,3525102
CRAVINHOS,3513108
MONTE ALTO,3531308
JABOTICABAL,3524303
PITANGUEIRAS,3539509
TAIÚVA,3553203
GUARIBA,3518602
TAQUARAL,3553658
TAMBAÚ,3553302
CAJURU,3509403
SANTA CRUZ DA ESPERANÇA,3546256
SANTA ROSA DE VITERBO,3547601
CÁSSIA DOS COQUEIROS,3510906
MOCOCA,3530508
MORRO AGUDO,3531902
SANTO ANTÔNIO DA ALEGRIA,3547908
NUPORANGA,3533601
ORLÂNDIA,3534302
SALES OLIVEIRA,3544905
ALTINÓPOLIS,3501004
BATATAIS,3505906
ADRIANÓPOLIS,4100202
ALMIRANTE TAMANDARÉ,4100400
FAZENDA RIO GRANDE,4107652
LAPA,4113205
MANDIRITUBA,4114302
PIÊN,4119103
PIRAQUARA,4119509
TIJUCAS DO SUL,4127601
TUNAS DO PARANÁ,4127882
DOUTOR ULYSSES,4128633
SÃO JOSÉ DOS PINHAIS,4125506
COLOMBO,4105805
CONTENDA,4106209
CURITIBA,4106902
ITAPERUÇU,4111258
PINHAIS,4119152
QUATRO BARRAS,4120804
QUITANDINHA,4121208
RIO BRANCO DO SUL,4122206
RIO NEGRO,4122305
AGUDOS DO SUL,4100301
ARAUCÁRIA,4101804
BALSA NOVA,4102307
BOCAIÚVA DO SUL,4103107
CAMPINA GRANDE DO SUL,4104006
CAMPO DO TENENTE,4104105
CAMPO LARGO,4104204
CAMPO MAGRO,4104253
CERRO AZUL,4105201
GUARACI,4109203
CENTENÁRIO DO SUL,4105102
LUPIONÓPOLIS,4113809
MIRASELVA,4116000
PITANGUEIRAS,4119657
PORECATU,4120002
PRADO FERREIRA,4120333
PRIMEIRO DE MAIO,4120507
ALVORADA DO SUL,4100806
SERTANEJA,4126405
SERTANÓPOLIS,4126504
TAMARANA,4126678
URAÍ,4128401
FLORESTÓPOLIS,4108007
IBIPORÃ,4109807
JATAIZINHO,4112702
LONDRINA,4113700
RANCHO ALEGRE,4121307
ROLÂNDIA,4122404
SABÁUDIA,4122701
ARAPONGAS,4101507
ASSAÍ,4101903
BELA VISTA DO PARAÍSO,4102802
CAMBÉ,4103701
JAGUAPITÃ,4111902
FLÓRIDA,4108106
CAMBIRA,4103800
LOBATO,4113601
MANDAGUAÇU,4114104
MARINGÁ,4115200
OURIZONA,4117404
PAIÇANDU,4117503
ÂNGULO,4101150
SARANDI,4126256
DOUTOR CAMARGO,4107306
FLORAÍ,4107801
FLORESTA,4107900
IGUARAÇU,4110003
ITAMBÉ,4111100
IVATUBA,4111605
MANDAGUARI,4114203
MARIALVA,4114807
MUNHOZ DE MELO,4116307
NOVA ESPERANÇA,4116901
PRESIDENTE CASTELO BRANCO,4120408
SANTA FÉ,4123402
SÃO JORGE DO IVAÍ,4125308
ASTORGA,4102109
ATALAIA,4102208
BOM SUCESSO,4103206
JANDAIA DO SUL,4112108
DOURADINA,4107256
CAFEZAL DO SUL,4103479
ICARAÍMA,4109906
IVATÉ,4111555
MARIA HELENA,4114708
PÉROLA,4118907
TAPIRA,4126900
UMUARAMA,4128104
XAMBRÊ,4128807
CRUZEIRO DO OESTE,4106605
ALTO PIQUIRI,4100707
TAPEJARA,4126801
TUNEIRAS DO OESTE,4127908
ALTO PARAÍSO,4128625
CIDADE GAÚCHA,4105607
FRANCISCO ALVES,4108320
IPORÃ,4110607
MARILUZ,4115101
NOVA OLÍMPIA,4117206
PEROBAL,4118857
SÃO JORGE DO PATROCÍNIO,4125357
ALTÔNIA,4100509
BRASILÂNDIA DO SUL,4103370
ESPERANÇA NOVA,4107520
GODOY MOREIRA,4108551
CALIFÓRNIA,4103503
JARDIM ALEGRE,4112504
MARILÂNDIA DO SUL,4114906
MAUÁ DA SERRA,4115754
NOVO ITACOLOMI,4117297
CRUZMALTINA,4106852
SÃO PEDRO DO IVAÍ,4125803
FAXINAL,4107603
IVAIPORÃ,4111506
KALORÉ,4113106
LIDIANÓPOLIS,4113429
LUNARDELLI,4113759
MARUMBI,4115507
RIO BOM,4122107
RIO BRANCO DO IVAÍ,4122172
ROSÁRIO DO IVAÍ,4122651
SÃO JOÃO DO IVAÍ,4125001
APUCARANA,4101408
ARAPUÃ,4101655
ARIRANHA DO IVAÍ,4101853
BORRAZÓPOLIS,4103305
GRANDES RIOS,4108700
ARARUNA,4101705
BARBOSA FERRAZ,4102505
BOA ESPERANÇA,4103008
CAMPINA DA LAGOA,4103909
CAMPO MOURÃO,4104303
CORUMBATAÍ DO SUL,4106555
ENGENHEIRO BELTRÃO,4107504
FÊNIX,4107702
GOIOERÊ,4108601
IRETAMA,4110805
JANIÓPOLIS,4112207
JURANDA,4112959
MAMBORÊ,4114005
NOVA CANTU,4116802
QUINTA DO SOL,4121109
RANCHO ALEGRE D'OESTE,4121356
RONCADOR,4122503
ALTAMIRA DO PARANÁ,4100459
TERRA BOA,4127205
UBIRATÃ,4128005
FAROL,4107553
LUIZIANA,4113734
MOREIRA SALES,4116109
PEABIRU,4118808
QUARTO CENTENÁRIO,4120655
TRÊS BARRAS DO PARANÁ,4127858
SANTA TEREZA DO OESTE,4124020
IBEMA,4109757
IGUATU,4110052
IRACEMA DO OESTE,4110656
JESUÍTAS,4112751
LINDOESTE,4113452
MATELÂNDIA,4115606
NOVA AURORA,4116703
VERA CRUZ DO OESTE,4128559
ANAHY,4101051
BOA VISTA DA APARECIDA,4103057
BRAGANEY,4103354
CAFELÂNDIA,4103453
CAMPO BONITO,4104055
CAPITÃO LEÔNIDAS MARQUES,4104600
CASCAVEL,4104808
CATANDUVAS,4105003
CÉU AZUL,4105300
CORBÉLIA,4106308
FORMOSA DO OESTE,4108205
GUARANIAÇU,4109302
SANTA LÚCIA,4123824
DIAMANTE DO SUL,4107124
SÃO JOSÉ DAS PALMEIRAS,4125456
SANTA HELENA,4123501
TERRA ROXA,4127403
TOLEDO,4127700
TUPÃSSI,4127957
MARIPÁ,4115358
MERCEDES,4115853
NOVA SANTA ROSA,4117222
PATO BRAGADO,4118451
ASSIS CHATEAUBRIAND,4102000
DIAMANTE D'OESTE,4107157
ENTRE RIOS DO OESTE,4107538
GUAÍRA,4108809
MARECHAL CÂNDIDO RONDON,4114609
OURO VERDE DO OESTE,4117453
PALOTINA,4117909
QUATRO PONTES,4120853
SÃO PEDRO DO IGUAÇU,4125753
ÁGUAS MORNAS,4200606
GOVERNADOR CELSO RAMOS,4206009
FLORIANÓPOLIS,4205407
PALHOÇA,4211900
SÃO PEDRO DE ALCÂNTARA,4217253
SÃO JOSÉ,4216602
SANTO AMARO DA IMPERATRIZ,4215703
BIGUAÇU,4202305
ANTÔNIO CARLOS,4201208
LEOBERTO LEAL,4209805
GAROPABA,4205704
CANELINHA,4203709
MAJOR GERCINO,4210209
SÃO BONIFÁCIO,4215901
SÃO JOÃO BATISTA,4216305
TIJUCAS,4218004
ANGELINA,4200903
ALFREDO WAGNER,4200705
RANCHO QUEIMADO,4214300
NOVA TRENTO,4211504
PAULO LOPES,4212304
ANITÁPOLIS,4201109
INDAIAL,4207502
POMERODE,4213203
BLUMENAU,4202404
GASPAR,4205902
TIMBÓ,4218202
BENEDITO NOVO,4202206
BOTUVERÁ,4202701
DOUTOR PEDRINHO,4205159
GUABIRUBA,4206306
ILHOTA,4207106
RODEIO,4215109
RIO DOS CEDROS,4214706
APIÚNA,4201257
BRUSQUE,4202909
LUIZ ALVES,4210001
ASCURRA,4201703
JOINVILLE,4209102
ARAQUARI,4201307
BALNEÁRIO BARRA DO SUL,4202057
BELA VISTA DO TOLDO,4202131
CAMPO ALEGRE,4203303
CANOINHAS,4203808
SÃO BENTO DO SUL,4215802
SÃO FRANCISCO DO SUL,4216206
SÃO JOÃO DO ITAPERIÚ,4216354
BARRA VELHA,4202107
ITAIÓPOLIS,4208104
MAFRA,4210100
MASSARANDUBA,4210605
PAPANDUVA,4212205
PORTO UNIÃO,4213609
RIO NEGRINHO,4215000
CORUPÁ,4204509
GARUVA,4205803
GUARAMIRIM,4206504
IRINEÓPOLIS,4207908
ITAPOÁ,4208450
JARAGUÁ DO SUL,4208906
MAJOR VIEIRA,4210308
MONTE CASTELO,4211108
SCHROEDER,4217402
TRÊS BARRAS,4218301
CORREIA PINTO,4204558
LAGES,4209300
URUBICI,4218905
ANITA GARIBALDI,4201000
BOCAINA DO SUL,4202438
BOM JARDIM DA SERRA,4202503
BOM RETIRO,4202602
CERRO NEGRO,4204178
PONTE ALTA,4213302
RIO RUFINO,4215059
SÃO CRISTÓVÃO DO SUL,4216057
SÃO JOSÉ DO CERRITO,4216800
URUPEMA,4218954
CAPÃO ALTO,4203253
CAMPO BELO DO SUL,4203402
PONTE ALTA DO NORTE,4213351
SANTA CECÍLIA,4215505
SÃO JOAQUIM,4216503
CURITIBANOS,4204806
FREI ROGÉRIO,4205555
OTACÍLIO COSTA,4211751
PAINEL,4211892
PALMEIRA,4212056
NAVEGANTES,4211306
ITAJAÍ,4208203
PENHA,4212502
CAMBORIÚ,4203204
BALNEÁRIO CAMBORIÚ,4202008
BOMBINHAS,4202453
ITAPEMA,4208302
PORTO BELO,4213500
BALNEÁRIO PIÇARRAS,4212809
FORQUILHINHA,4205456
IÇARA,4207007
NOVA VENEZA,4211603
CRICIÚMA,4204608
SIDERÓPOLIS,4217600
MORRO DA FUMAÇA,4211207
COCAL DO SUL,4204251
SÃO JOÃO DO SUL,4216404
MARACAJÁ,4210407
TURVO,4218806
MORRO GRANDE,4211256
URUSSANGA,4219002
BALNEÁRIO GAIVOTA,4202073
LAURO MÜLLER,4209607
ERMO,4205191
SANTA ROSA DO SUL,4215653
PRAIA GRANDE,4213807
PASSO DE TORRES,4212254
ARARANGUÁ,4201406
MELEIRO,4210803
JACINTO MACHADO,4208708
BALNEÁRIO ARROIO DO SILVA,4201950
BALNEÁRIO RINCÃO,4220000
TREVISO,4218350
TIMBÉ DO SUL,4218103
SOMBRIO,4217709
TUBARÃO,4218707
GRAVATAL,4206207
CAPIVARI DE BAIXO,4203956
SÃO LUDGERO,4217006
ORLEANS,4211702
SANGÃO,4215455
IMBITUBA,4207304
IMARUÍ,4207205
SANTA ROSA DE LIMA,4215604
GRÃO-PARÁ,4206108
ARMAZÉM,4201505
TREZE DE MAIO,4218400
BRAÇO DO NORTE,4202800
PESCARIA BRAVA,4212650
RIO FORTUNA,4214904
LAGUNA,4209409
SÃO MARTINHO,4217105
PEDRAS GRANDES,4212403
JAGUARUNA,4208807
IBIRAMA,4206900
RIO DO SUL,4214805
ITUPORANGA,4208500
TAIÓ,4217808
AGROLÂNDIA,4200200
AURORA,4201901
BRAÇO DO TROMBUDO,4202859
IMBUIA,4207403
PETROLÂNDIA,4212700
PRESIDENTE NEREU,4214102
RIO DO CAMPO,4214508
JOSÉ BOITEUX,4209151
LAURENTINO,4209508
LONTRAS,4209904
MIRIM DOCE,4210852
POUSO REDONDO,4213708
PRESIDENTE GETÚLIO,4214003
RIO DO OESTE,4214607
SALETE,4215307
SANTA TEREZINHA,4215679
TROMBUDO CENTRAL,4218608
WITMARSUM,4219408
CHAPADÃO DO LAGEADO,4204194
VITOR MEIRELES,4219358
VIDAL RAMOS,4219200
DONA EMMA,4205100
AGRONÔMICA,4200309
ATALANTA,4201802
ÁGUAS FRIAS,4200556
ARVOREDO,4201653
CORONEL FREITAS,4204400
CORDILHEIRA ALTA,4204350
CHAPECÓ,4204202
SEARA,4217501
XANXERÊ,4219507
SAUDADES,4217303
PINHALZINHO,4212908
NOVA ITABERABA,4211454
GUATAMBÚ,4206652
SÃO CARLOS,4216008
PLANALTO ALEGRE,4213153
PAIAL,4211876
NOVA ERECHIM,4211405
XAXIM,4219705
ÁGUAS DE CHAPECÓ,4200507
MAREMA,4210555
CUNHATAÍ,4204756
FAXINAL DOS GUEDES,4205308
QUILOMBO,4214201
PONTE SERRADA,4213401
VARGEÃO,4219101
PASSOS MAIA,4212270
LAJEADO GRANDE,4209458
ITÁ,4208005
PALMITOS,4212106
CAXAMBU DO SUL,4204103
UNIÃO DO OESTE,4218855
XAVANTINA,4219606
SUL BRASIL,4217758
SERRA ALTA,4217550
SÃO JOSÉ DO CEDRO,4216701
DESCANSO,4204905
CUNHA PORÃ,4204707
TUNÁPOLIS,4218756
SÃO MIGUEL DO OESTE,4217204
SÃO JOÃO DO OESTE,4216255
SANTA HELENA,4215554
PRINCESA,4214151
PARAÍSO,4212239
GUARUJÁ DO SUL,4206603
GUARACIABA,4206405
FLOR DO SERTÃO,4205357
ROMELÂNDIA,4215208
MARAVILHA,4210506
ITAPIRANGA,4208401
IRACEMINHA,4207759
IPORÃ DO OESTE,4207650
BANDEIRANTE,4202081
BELMONTE,4202156
BARRA BONITA,4202099
DIONÍSIO CERQUEIRA,4205001
SÃO LOURENÇO DO OESTE,4216909
ABELARDO LUZ,4200101
SÃO BERNARDINO,4215752
SÃO DOMINGOS,4216107
ENTRE RIOS,4205175
SALTINHO,4215356
FORMOSA DO SUL,4205431
RIQUEZA,4215075
PALMA SOLA,4212007
MODELO,4210902
TIGRINHOS,4217956
JUPIÁ,4209177
JARDINÓPOLIS,4208955
OURO VERDE,4211850
IRATI,4207858
NOVO HORIZONTE,4211652
MONDAÍ,4211009
BOM JESUS,4202537
IPUAÇU,4207684
CAMPO ERÊ,4203501
CAIBI,4203105
BOM JESUS DO OESTE,4202578
SANTA TEREZINHA DO PROGRESSO,4215687
CORONEL MARTINS,4204459
ANCHIETA,4200804
SÃO MIGUEL DA BOA VISTA,4217154
GALVÃO,4205605
SANTIAGO DO SUL,4215695
TANGARÁ,4217907
TREZE TÍLIAS,4218509
VARGEM,4219150
ZORTÉA,4219853
ABDON BATISTA,4200051
ÁGUA DOCE,4200408
ALTO BELA VISTA,4200754
ARABUTÃ,4201273
ARROIO TRINTA,4201604
BRUNÓPOLIS,4202875
CAMPOS NOVOS,4203600
CAÇADOR,4203006
CALMON,4203154
CAPINZAL,4203907
CATANDUVAS,4204004
CELSO RAMOS,4204152
IBICARÉ,4206801
IOMERÊ,4207577
LEBON RÉGIS,4209706
LINDÓIA DO SUL,4209854
LUZERNA,4210035
MONTE CARLO,4211058
OURO,4211801
PERITIBA,4212601
PINHEIRO PRETO,4213005
SALTO VELOSO,4215406
ERVAL VELHO,4205209
FRAIBURGO,4205506
HERVAL D'OESTE,4206702
IBIAM,4206751
IPIRA,4207601
IPUMIRIM,4207700
IRANI,4207809
JABORÁ,4208609
JOAÇABA,4209003
LACERDÓPOLIS,4209201
MACIEIRA,4210050
MATOS COSTA,4210704
PIRATUBA,4213104
PRESIDENTE CASTELLO BRANCO,4213906
RIO DAS ANTAS,4214409
TIMBÓ GRANDE,4218251
VARGEM BONITA,4219176
VIDEIRA,4219309
CONCÓRDIA,4204301
NOVO HAMBURGO,4313409
VIAMÃO,4323002
NOVA SANTA RITA,4313375
ALVORADA,4300604
ARARICÁ,4300877
ARROIO DOS RATOS,4301107
CACHOEIRINHA,4303103
CAMPO BOM,4303905
CANOAS,4304606
CAPELA DE SANTANA,4304689
CHARQUEADAS,4305355
DOIS IRMÃOS,4306403
ELDORADO DO SUL,4306767
ESTÂNCIA VELHA,4307609
ESTEIO,4307708
GLORINHA,4309050
GRAVATAÍ,4309209
GUAÍBA,4309308
IGREJINHA,4310108
IVOTI,4310801
MONTENEGRO,4312401
NOVA HARTZ,4313060
PAROBÉ,4314050
PORTÃO,4314803
PORTO ALEGRE,4314902
ROLANTE,4316006
SANTO ANTÔNIO DA PATRULHA,4317608
SÃO JERÔNIMO,4318408
SÃO LEOPOLDO,4318705
SÃO SEBASTIÃO DO CAÍ,4319505
SAPIRANGA,4319901
SAPUCAIA DO SUL,4320008
TAQUARA,4321204
TRIUNFO,4322004
SANTA TEREZA,4317251
IPÊ,4310439
ANTÔNIO PRADO,4300802
BENTO GONÇALVES,4302105
CARLOS BARBOSA,4304804
CAXIAS DO SUL,4305108
SÃO MARCOS,4319000
FLORES DA CUNHA,4308201
GARIBALDI,4308607
MONTE BELO DO SUL,4312385
NOVA PÁDUA,4313086
NOVA ROMA DO SUL,4313359
PINTO BANDEIRA,4314548
FARROUPILHA,4307906
ACORIZAL,5100102
CHAPADA DOS GUIMARÃES,5103007
SANTO ANTÔNIO DE LEVERGER,5107800
CUIABÁ,5103403
VÁRZEA GRANDE,5108402
CAMPO VERDE,5102678
NOSSA SENHORA DO LIVRAMENTO,5106109
ROSÁRIO OESTE,5107701
POCONÉ,5106505
PLANALTO DA SERRA,5106455
NOVA BRASILÂNDIA,5106208
NOBRES,5105903
JANGADA,5104906
BARÃO DE MELGAÇO,5101605
APARECIDA DE GOIÂNIA,5201405
TRINDADE,5221403
CALDAZINHA,5204557
CATURAÍ,5205208
GOIANÁPOLIS,5208400
GOIÂNIA,5208707
GOIANIRA,5208806
GUAPÓ,5209200
HIDROLÂNDIA,5209705
INHUMAS,5210000
NERÓPOLIS,5214507
NOVA VENEZA,5215009
SANTO ANTÔNIO DE GOIÁS,5219738
SENADOR CANEDO,5220454
TEREZÓPOLIS DE GOIÁS,5221197
ABADIA DE GOIÁS,5200050
BELA VISTA DE GOIÁS,5203302
BONFINÓPOLIS,5203559
BRAZABRANTES,5203609
SANTA BÁRBARA DE GOIÁS,5219100
ARAGOIÂNIA,5201801
BURITIS,3109303
ARINOS,3104502
ABADIÂNIA,5200100
ÁGUA FRIA DE GOIÁS,5200175
ÁGUAS LINDAS DE GOIÁS,5200258
ALTO PARAÍSO DE GOIÁS,5200605
ALVORADA DO NORTE,5200803
BARRO ALTO,5203203
COCALZINHO DE GOIÁS,5205513
CORUMBÁ DE GOIÁS,5205802
FLORES DE GOIÁS,5207907
FORMOSA,5208004
GOIANÉSIA,5208608
LUZIÂNIA,5212501
MIMOSO DE GOIÁS,5213053
NIQUELÂNDIA,5214606
NOVO GAMA,5215231
PADRE BERNARDO,5215603
SANTO ANTÔNIO DO DESCOBERTO,5219753
SÃO JOÃO D'ALIANÇA,5220009
SIMOLÂNDIA,5220686
VILA PROPÍCIO,5222302
ALEXÂNIA,5200308
CABECEIRAS,5204003
CAVALCANTE,5205307
CIDADE OCIDENTAL,5205497
CRISTALINA,5206206
PIRENÓPOLIS,5217302
PLANALTINA,5217609
VALPARAÍSO DE GOIÁS,5221858
VILA BOA,5222203
BRASÍLIA,5300108
UNAÍ,3170404
CABECEIRA GRANDE,3109451
NOVA ALIANÇA,3532801
MIRASSOLÂNDIA,3530409
MIRASSOL,3530300
MENDONÇA,3529500
MACAUBAL,3528106
JOSÉ BONIFÁCIO,3525706
JACI,3524501
BADY BASSITT,3504602
CEDRAL,3511300
NEVES PAULISTA,3532504
NIPOÃ,3532702
OLÍMPIA,3533908
SÃO JOSÉ DO RIO PRETO,3549805
SEVERÍNIA,3551900
UBARANA,3555356
UNIÃO PAULISTA,3555703
URUPÊS,3556008
IBIRÁ,3519402
ICÉM,3519808
IPIGUÁ,3521150
IRAPUÃ,3521507
ADOLFO,3500204
BÁLSAMO,3504800
MONTE APRAZÍVEL,3531407
NOVA GRANADA,3533007
ONDA VERDE,3534005
ORINDIÚVA,3534203
PALESTINA,3535002
PAULO DE FARIA,3536604
PLANALTO,3539608
POLONI,3539905
POTIRENDABA,3540804
SALES,3544806
TANABI,3553401
UCHOA,3555604
ZACARIAS,3557154
GUAPIAÇU,3517505
VÁRZEA PAULISTA,3556503
CAMPO LIMPO PAULISTA,3509601
CABREÚVA,3508405
JUNDIAÍ,3525904
LOUVEIRA,3527306
JARINU,3525201
ITUPEVA,3524006
LEME,3526704
LIMEIRA,3526902
ARARAS,3503307
CAPIVARI,3510401
CHARQUEADA,3511706
CONCHAL,3512209
CORDEIRÓPOLIS,3512407
CORUMBATAÍ,3512704
SÃO PEDRO,3550407
RIO CLARO,3543907
ÁGUAS DE SÃO PEDRO,3500600
ANALÂNDIA,3502002
PIRACICABA,3538709
PIRASSUNUNGA,3539301
RAFARD,3542107
RIO DAS PEDRAS,3544004
SALTINHO,3545159
SANTA CRUZ DA CONCEIÇÃO,3546207
SANTA GERTRUDES,3546702
SANTA MARIA DA SERRA,3547007
ELIAS FAUSTO,3514908
IPEÚNA,3521101
IRACEMÁPOLIS,3521408
MOMBUCA,3530904
MATÕES,2106607
CAXIAS,2103000
ALDEIAS ALTAS,2100303
SÃO JOÃO DO SOTER,2111078
CODÓ,2103307
PARNARAMA,2107803
ILHA GRANDE,2204659
CAJUEIRO DA PRAIA,2202083
PARNAÍBA,2207702
LUÍS CORREIA,2205706
IGARAPÉ GRANDE,2105203
TRIZIDELA DO VALE,2112233
BERNARDO DO MEARIM,2101939
PEDREIRAS,2108207
JOSELÂNDIA,2105609
POÇÃO DE PEDRAS,2108900
LIMA CAMPOS,2106003
LAGO DOS RODRIGUES,2105948
